"","x"
"1",6.9e-05
"2",0.000384
"3",0.000393
"4",0.000401
"5",0.000403
"6",0.000433
"7",0.000457
"8",0.000465
"9",0.000472
"10",0.000533
"11",0.000571
"12",0.000573
"13",0.000599
"14",0.000678
"15",0.000687
"16",0.000695
"17",0.000704
"18",0.000718
"19",0.000737
"20",0.000756
"21",0.000776
"22",0.000886
"23",0.000891
"24",0.000928
"25",0.000935
"26",0.000941
"27",0.000946
"28",0.000958
"29",0.000959
"30",0.000972
"31",0.00099
"32",0.000994
"33",0.000999
"34",0.001002
"35",0.001003
"36",0.001005
"37",0.001018
"38",0.001022
"39",0.001064
"40",0.001076
"41",0.00108
"42",0.001104
"43",0.001108
"44",0.001114
"45",0.001117
"46",0.001118
"47",0.001147
"48",0.001153
"49",0.001161
"50",0.001167
"51",0.001206
"52",0.001212
"53",0.001212
"54",0.001239
"55",0.00124
"56",0.001267
"57",0.00127
"58",0.001277
"59",0.001283
"60",0.001288
"61",0.00129
"62",0.00129
"63",0.001294
"64",0.001298
"65",0.001308
"66",0.00131
"67",0.001328
"68",0.001341
"69",0.001342
"70",0.001367
"71",0.00138
"72",0.001383
"73",0.001385
"74",0.001397
"75",0.001401
"76",0.001413
"77",0.001419
"78",0.001441
"79",0.001441
"80",0.001444
"81",0.001447
"82",0.001469
"83",0.001493
"84",0.001497
"85",0.001502
"86",0.001513
"87",0.001515
"88",0.001537
"89",0.001537
"90",0.001539
"91",0.00154
"92",0.001546
"93",0.001548
"94",0.001574
"95",0.001578
"96",0.001587
"97",0.001603
"98",0.001609
"99",0.001615
"100",0.001618
"101",0.001624
"102",0.001628
"103",0.001644
"104",0.001655
"105",0.001668
"106",0.001669
"107",0.001705
"108",0.001706
"109",0.001725
"110",0.001734
"111",0.001738
"112",0.001742
"113",0.001745
"114",0.001748
"115",0.00175
"116",0.00176
"117",0.001763
"118",0.001775
"119",0.00179
"120",0.001797
"121",0.001819
"122",0.001825
"123",0.00183
"124",0.001834
"125",0.00185
"126",0.001852
"127",0.001852
"128",0.001854
"129",0.001857
"130",0.001874
"131",0.00189
"132",0.001894
"133",0.001896
"134",0.001903
"135",0.001906
"136",0.001913
"137",0.001918
"138",0.00192
"139",0.001933
"140",0.001953
"141",0.001956
"142",0.001958
"143",0.001962
"144",0.001965
"145",0.001968
"146",0.00197
"147",0.00197
"148",0.001972
"149",0.001975
"150",0.001979
"151",0.001982
"152",0.001994
"153",0.001996
"154",0.002003
"155",0.00201
"156",0.002011
"157",0.002019
"158",0.002023
"159",0.002025
"160",0.002025
"161",0.002025
"162",0.002031
"163",0.002047
"164",0.002048
"165",0.002055
"166",0.002055
"167",0.002064
"168",0.002083
"169",0.002118
"170",0.002122
"171",0.002124
"172",0.00214
"173",0.002141
"174",0.002142
"175",0.002143
"176",0.002147
"177",0.002149
"178",0.002161
"179",0.002162
"180",0.002164
"181",0.002174
"182",0.002177
"183",0.002189
"184",0.002221
"185",0.002226
"186",0.002233
"187",0.002237
"188",0.002254
"189",0.002259
"190",0.00227
"191",0.002272
"192",0.002273
"193",0.002278
"194",0.002293
"195",0.002293
"196",0.002293
"197",0.002301
"198",0.002302
"199",0.002307
"200",0.002314
"201",0.002318
"202",0.002321
"203",0.002329
"204",0.002339
"205",0.002346
"206",0.00235
"207",0.002364
"208",0.002365
"209",0.002366
"210",0.002385
"211",0.002395
"212",0.002397
"213",0.002412
"214",0.002417
"215",0.002433
"216",0.002437
"217",0.002454
"218",0.002457
"219",0.002458
"220",0.002473
"221",0.002482
"222",0.002483
"223",0.002492
"224",0.002496
"225",0.002498
"226",0.002515
"227",0.002515
"228",0.002518
"229",0.002522
"230",0.002527
"231",0.002527
"232",0.002535
"233",0.002554
"234",0.00256
"235",0.002561
"236",0.002584
"237",0.002584
"238",0.002589
"239",0.002591
"240",0.002594
"241",0.002597
"242",0.002606
"243",0.002611
"244",0.002623
"245",0.002629
"246",0.002632
"247",0.002639
"248",0.002641
"249",0.00265
"250",0.002655
"251",0.002658
"252",0.002669
"253",0.002674
"254",0.002677
"255",0.00268
"256",0.002682
"257",0.002695
"258",0.002705
"259",0.002707
"260",0.002709
"261",0.002724
"262",0.002727
"263",0.002738
"264",0.002747
"265",0.002749
"266",0.002751
"267",0.002756
"268",0.002761
"269",0.002766
"270",0.002774
"271",0.002776
"272",0.002776
"273",0.002776
"274",0.002778
"275",0.002779
"276",0.002791
"277",0.002792
"278",0.002802
"279",0.002804
"280",0.002806
"281",0.002811
"282",0.002813
"283",0.002817
"284",0.00283
"285",0.002832
"286",0.002839
"287",0.002844
"288",0.002844
"289",0.002848
"290",0.002852
"291",0.002852
"292",0.002857
"293",0.002873
"294",0.002896
"295",0.002899
"296",0.002915
"297",0.002916
"298",0.002918
"299",0.002923
"300",0.002935
"301",0.002936
"302",0.002937
"303",0.00294
"304",0.002944
"305",0.002946
"306",0.002954
"307",0.002955
"308",0.002961
"309",0.002968
"310",0.002971
"311",0.002976
"312",0.002976
"313",0.002979
"314",0.002996
"315",0.003002
"316",0.003008
"317",0.003016
"318",0.003017
"319",0.003019
"320",0.003021
"321",0.003026
"322",0.003028
"323",0.003034
"324",0.003049
"325",0.003054
"326",0.003073
"327",0.003074
"328",0.003074
"329",0.003079
"330",0.00309
"331",0.00309
"332",0.003094
"333",0.003104
"334",0.003132
"335",0.003144
"336",0.003149
"337",0.00315
"338",0.003151
"339",0.003161
"340",0.003162
"341",0.003166
"342",0.003169
"343",0.003173
"344",0.003196
"345",0.003225
"346",0.003228
"347",0.00323
"348",0.003238
"349",0.003251
"350",0.00326
"351",0.003262
"352",0.003269
"353",0.003271
"354",0.003274
"355",0.003299
"356",0.0033
"357",0.003301
"358",0.003303
"359",0.003313
"360",0.003319
"361",0.003319
"362",0.003322
"363",0.003326
"364",0.003327
"365",0.003328
"366",0.003329
"367",0.003334
"368",0.003341
"369",0.003346
"370",0.003348
"371",0.003353
"372",0.003375
"373",0.003387
"374",0.003393
"375",0.003399
"376",0.003404
"377",0.003413
"378",0.003414
"379",0.003414
"380",0.003415
"381",0.00342
"382",0.003436
"383",0.003438
"384",0.003444
"385",0.003445
"386",0.003452
"387",0.003453
"388",0.003455
"389",0.00346
"390",0.00346
"391",0.003461
"392",0.003471
"393",0.003476
"394",0.003481
"395",0.003486
"396",0.003486
"397",0.003488
"398",0.003511
"399",0.003518
"400",0.003521
"401",0.003522
"402",0.003523
"403",0.003548
"404",0.00355
"405",0.003553
"406",0.003559
"407",0.003564
"408",0.003565
"409",0.003566
"410",0.003572
"411",0.003573
"412",0.003576
"413",0.003579
"414",0.003579
"415",0.003583
"416",0.003594
"417",0.0036
"418",0.0036
"419",0.003604
"420",0.003605
"421",0.003606
"422",0.003608
"423",0.003611
"424",0.003613
"425",0.003614
"426",0.003619
"427",0.00362
"428",0.003625
"429",0.003634
"430",0.003635
"431",0.003637
"432",0.003639
"433",0.003654
"434",0.003655
"435",0.003662
"436",0.003669
"437",0.00367
"438",0.003671
"439",0.003681
"440",0.003685
"441",0.003687
"442",0.003691
"443",0.003698
"444",0.003701
"445",0.003702
"446",0.003705
"447",0.003706
"448",0.00371
"449",0.003735
"450",0.003737
"451",0.003741
"452",0.003747
"453",0.003773
"454",0.003775
"455",0.003781
"456",0.003788
"457",0.003796
"458",0.003798
"459",0.003804
"460",0.003809
"461",0.00381
"462",0.00381
"463",0.003815
"464",0.003819
"465",0.003827
"466",0.00383
"467",0.003839
"468",0.003839
"469",0.003841
"470",0.003841
"471",0.003843
"472",0.003852
"473",0.003854
"474",0.003859
"475",0.003871
"476",0.003873
"477",0.003874
"478",0.003881
"479",0.003886
"480",0.003891
"481",0.003891
"482",0.003892
"483",0.003902
"484",0.003906
"485",0.003911
"486",0.003911
"487",0.003922
"488",0.003931
"489",0.003932
"490",0.003933
"491",0.003933
"492",0.003936
"493",0.003939
"494",0.00394
"495",0.003943
"496",0.003952
"497",0.003953
"498",0.003953
"499",0.003953
"500",0.003961
"501",0.003963
"502",0.003963
"503",0.003967
"504",0.003968
"505",0.00397
"506",0.003971
"507",0.003975
"508",0.003986
"509",0.003995
"510",0.004008
"511",0.00402
"512",0.004034
"513",0.004038
"514",0.00404
"515",0.004041
"516",0.004042
"517",0.004044
"518",0.004053
"519",0.004056
"520",0.004061
"521",0.004063
"522",0.004067
"523",0.004077
"524",0.004082
"525",0.004084
"526",0.004085
"527",0.004088
"528",0.004108
"529",0.00411
"530",0.004113
"531",0.004113
"532",0.004115
"533",0.004116
"534",0.004117
"535",0.004123
"536",0.004129
"537",0.004129
"538",0.00413
"539",0.004134
"540",0.004137
"541",0.004155
"542",0.004167
"543",0.00417
"544",0.004175
"545",0.004181
"546",0.004187
"547",0.004196
"548",0.004198
"549",0.004199
"550",0.0042
"551",0.004206
"552",0.004207
"553",0.004208
"554",0.004218
"555",0.004224
"556",0.004226
"557",0.004229
"558",0.004231
"559",0.004233
"560",0.004235
"561",0.004235
"562",0.004239
"563",0.004248
"564",0.004251
"565",0.004255
"566",0.004256
"567",0.004261
"568",0.004264
"569",0.004268
"570",0.004279
"571",0.004288
"572",0.004291
"573",0.004294
"574",0.004296
"575",0.004297
"576",0.0043
"577",0.004303
"578",0.004305
"579",0.004308
"580",0.004309
"581",0.00431
"582",0.004313
"583",0.004322
"584",0.004327
"585",0.004327
"586",0.00433
"587",0.004331
"588",0.004332
"589",0.004335
"590",0.004341
"591",0.004342
"592",0.004348
"593",0.00435
"594",0.004351
"595",0.004351
"596",0.004358
"597",0.004359
"598",0.004367
"599",0.004373
"600",0.004374
"601",0.00438
"602",0.004381
"603",0.004384
"604",0.004388
"605",0.004393
"606",0.004396
"607",0.004399
"608",0.004406
"609",0.004406
"610",0.004413
"611",0.004415
"612",0.004425
"613",0.004432
"614",0.004433
"615",0.004436
"616",0.004444
"617",0.004446
"618",0.00445
"619",0.004455
"620",0.004461
"621",0.004488
"622",0.004489
"623",0.004489
"624",0.004497
"625",0.004499
"626",0.004504
"627",0.004507
"628",0.004515
"629",0.004517
"630",0.004519
"631",0.004524
"632",0.004526
"633",0.00453
"634",0.004533
"635",0.004543
"636",0.004545
"637",0.004549
"638",0.004557
"639",0.004567
"640",0.004568
"641",0.004572
"642",0.004586
"643",0.004592
"644",0.004592
"645",0.004593
"646",0.004596
"647",0.004597
"648",0.004601
"649",0.004603
"650",0.004604
"651",0.004604
"652",0.004607
"653",0.004609
"654",0.004612
"655",0.004612
"656",0.004617
"657",0.00462
"658",0.004624
"659",0.004629
"660",0.004636
"661",0.004651
"662",0.004656
"663",0.004656
"664",0.004678
"665",0.004682
"666",0.00469
"667",0.004694
"668",0.004697
"669",0.004699
"670",0.004702
"671",0.004702
"672",0.004707
"673",0.004707
"674",0.004709
"675",0.00471
"676",0.004712
"677",0.004713
"678",0.004715
"679",0.004716
"680",0.004723
"681",0.004723
"682",0.004728
"683",0.004728
"684",0.004731
"685",0.004734
"686",0.004743
"687",0.004748
"688",0.004757
"689",0.004758
"690",0.004763
"691",0.00477
"692",0.004778
"693",0.004779
"694",0.004796
"695",0.004802
"696",0.00481
"697",0.004815
"698",0.00482
"699",0.004822
"700",0.004828
"701",0.00485
"702",0.004853
"703",0.004859
"704",0.004864
"705",0.004866
"706",0.004877
"707",0.004877
"708",0.004883
"709",0.004887
"710",0.004892
"711",0.004893
"712",0.004904
"713",0.004911
"714",0.004912
"715",0.004915
"716",0.004917
"717",0.004918
"718",0.00493
"719",0.004933
"720",0.004933
"721",0.004939
"722",0.004939
"723",0.004941
"724",0.004946
"725",0.004947
"726",0.00495
"727",0.004955
"728",0.004958
"729",0.00496
"730",0.004965
"731",0.004967
"732",0.004971
"733",0.004978
"734",0.004993
"735",0.005007
"736",0.005008
"737",0.005012
"738",0.005019
"739",0.00502
"740",0.00502
"741",0.005043
"742",0.005052
"743",0.005053
"744",0.005053
"745",0.005059
"746",0.005062
"747",0.005063
"748",0.005063
"749",0.005074
"750",0.005086
"751",0.005086
"752",0.005087
"753",0.005088
"754",0.005096
"755",0.005106
"756",0.005106
"757",0.005115
"758",0.005118
"759",0.005129
"760",0.005133
"761",0.005136
"762",0.005138
"763",0.005148
"764",0.005152
"765",0.005153
"766",0.00516
"767",0.005161
"768",0.005164
"769",0.005166
"770",0.00517
"771",0.005181
"772",0.005182
"773",0.005186
"774",0.005191
"775",0.005193
"776",0.005195
"777",0.005197
"778",0.005198
"779",0.005203
"780",0.005214
"781",0.005218
"782",0.005219
"783",0.00522
"784",0.00522
"785",0.005222
"786",0.005228
"787",0.005228
"788",0.005236
"789",0.005241
"790",0.005252
"791",0.005258
"792",0.005265
"793",0.005271
"794",0.005289
"795",0.005294
"796",0.005294
"797",0.0053
"798",0.005301
"799",0.005302
"800",0.005308
"801",0.005315
"802",0.005318
"803",0.005318
"804",0.005325
"805",0.005328
"806",0.00533
"807",0.005331
"808",0.005336
"809",0.005341
"810",0.005343
"811",0.005349
"812",0.00535
"813",0.00535
"814",0.005356
"815",0.005356
"816",0.005358
"817",0.005362
"818",0.005364
"819",0.005369
"820",0.005371
"821",0.005372
"822",0.005376
"823",0.005377
"824",0.005384
"825",0.005386
"826",0.005389
"827",0.005395
"828",0.005401
"829",0.005404
"830",0.005409
"831",0.005415
"832",0.005417
"833",0.00542
"834",0.005423
"835",0.005427
"836",0.005427
"837",0.005428
"838",0.005435
"839",0.005441
"840",0.005444
"841",0.005446
"842",0.005449
"843",0.005449
"844",0.005454
"845",0.005454
"846",0.005456
"847",0.005458
"848",0.005462
"849",0.005467
"850",0.005469
"851",0.005479
"852",0.005479
"853",0.005482
"854",0.005483
"855",0.005484
"856",0.005491
"857",0.005496
"858",0.005498
"859",0.005526
"860",0.005526
"861",0.005528
"862",0.00553
"863",0.005532
"864",0.005542
"865",0.005551
"866",0.005551
"867",0.005556
"868",0.005558
"869",0.005565
"870",0.005567
"871",0.005572
"872",0.005573
"873",0.005588
"874",0.005591
"875",0.005594
"876",0.005599
"877",0.005603
"878",0.005608
"879",0.005608
"880",0.005609
"881",0.005612
"882",0.005614
"883",0.005619
"884",0.005622
"885",0.005625
"886",0.005626
"887",0.005634
"888",0.005642
"889",0.005643
"890",0.005657
"891",0.005657
"892",0.005659
"893",0.005669
"894",0.005677
"895",0.005691
"896",0.005691
"897",0.0057
"898",0.005712
"899",0.005722
"900",0.005724
"901",0.005724
"902",0.005733
"903",0.005734
"904",0.005738
"905",0.005743
"906",0.005745
"907",0.005745
"908",0.00576
"909",0.005772
"910",0.005776
"911",0.005785
"912",0.00579
"913",0.005791
"914",0.005798
"915",0.005805
"916",0.005809
"917",0.005812
"918",0.005817
"919",0.005819
"920",0.00582
"921",0.005821
"922",0.005821
"923",0.00583
"924",0.005856
"925",0.005866
"926",0.005873
"927",0.005878
"928",0.005881
"929",0.005889
"930",0.005897
"931",0.005904
"932",0.005907
"933",0.005909
"934",0.005919
"935",0.005926
"936",0.005927
"937",0.005929
"938",0.005931
"939",0.005932
"940",0.005941
"941",0.005953
"942",0.005984
"943",0.005987
"944",0.006002
"945",0.006004
"946",0.006007
"947",0.006014
"948",0.006017
"949",0.006025
"950",0.006035
"951",0.006039
"952",0.006043
"953",0.006061
"954",0.006069
"955",0.00607
"956",0.006073
"957",0.006074
"958",0.006085
"959",0.006086
"960",0.006087
"961",0.006093
"962",0.006093
"963",0.006094
"964",0.006114
"965",0.00612
"966",0.006136
"967",0.006138
"968",0.00615
"969",0.006156
"970",0.006162
"971",0.006177
"972",0.006178
"973",0.00618
"974",0.006184
"975",0.00619
"976",0.006191
"977",0.006191
"978",0.006193
"979",0.006203
"980",0.00622
"981",0.006243
"982",0.006247
"983",0.006256
"984",0.006259
"985",0.006263
"986",0.006266
"987",0.00627
"988",0.006275
"989",0.006287
"990",0.006287
"991",0.006292
"992",0.006294
"993",0.006297
"994",0.006298
"995",0.006299
"996",0.006301
"997",0.006311
"998",0.006318
"999",0.006323
"1000",0.006334
"1001",0.006336
"1002",0.00634
"1003",0.006341
"1004",0.00635
"1005",0.006351
"1006",0.006365
"1007",0.006369
"1008",0.006381
"1009",0.006393
"1010",0.006398
"1011",0.006408
"1012",0.006414
"1013",0.006414
"1014",0.006427
"1015",0.006436
"1016",0.006442
"1017",0.006443
"1018",0.006447
"1019",0.006451
"1020",0.006452
"1021",0.006456
"1022",0.006457
"1023",0.00646
"1024",0.006462
"1025",0.006462
"1026",0.006464
"1027",0.006466
"1028",0.00647
"1029",0.006474
"1030",0.006481
"1031",0.006482
"1032",0.006484
"1033",0.006494
"1034",0.006495
"1035",0.006498
"1036",0.006499
"1037",0.006499
"1038",0.006502
"1039",0.006503
"1040",0.006503
"1041",0.006504
"1042",0.006507
"1043",0.00651
"1044",0.00651
"1045",0.006511
"1046",0.006511
"1047",0.006512
"1048",0.006514
"1049",0.006516
"1050",0.006529
"1051",0.00653
"1052",0.006544
"1053",0.006545
"1054",0.006551
"1055",0.00656
"1056",0.006561
"1057",0.006562
"1058",0.006562
"1059",0.006573
"1060",0.006585
"1061",0.006595
"1062",0.006599
"1063",0.0066
"1064",0.006601
"1065",0.006609
"1066",0.006613
"1067",0.006618
"1068",0.006626
"1069",0.006633
"1070",0.006638
"1071",0.006651
"1072",0.006653
"1073",0.006665
"1074",0.006668
"1075",0.006673
"1076",0.006675
"1077",0.006685
"1078",0.006703
"1079",0.006713
"1080",0.006716
"1081",0.006727
"1082",0.006729
"1083",0.006735
"1084",0.006737
"1085",0.006738
"1086",0.006743
"1087",0.006745
"1088",0.006746
"1089",0.00675
"1090",0.006756
"1091",0.006759
"1092",0.006763
"1093",0.006766
"1094",0.006772
"1095",0.006785
"1096",0.006785
"1097",0.006805
"1098",0.006806
"1099",0.006806
"1100",0.006813
"1101",0.006813
"1102",0.006818
"1103",0.006823
"1104",0.006831
"1105",0.006834
"1106",0.006838
"1107",0.006838
"1108",0.006842
"1109",0.006842
"1110",0.006849
"1111",0.006851
"1112",0.006857
"1113",0.006869
"1114",0.006875
"1115",0.006884
"1116",0.006906
"1117",0.006914
"1118",0.006929
"1119",0.006931
"1120",0.006936
"1121",0.006937
"1122",0.00694
"1123",0.006946
"1124",0.006951
"1125",0.006952
"1126",0.006956
"1127",0.00696
"1128",0.006963
"1129",0.006974
"1130",0.006983
"1131",0.006986
"1132",0.006988
"1133",0.006994
"1134",0.006997
"1135",0.006998
"1136",0.007002
"1137",0.007003
"1138",0.007004
"1139",0.007012
"1140",0.007015
"1141",0.00702
"1142",0.007028
"1143",0.007028
"1144",0.007031
"1145",0.007032
"1146",0.007037
"1147",0.007043
"1148",0.007048
"1149",0.007053
"1150",0.007067
"1151",0.007073
"1152",0.007084
"1153",0.007096
"1154",0.007097
"1155",0.007104
"1156",0.007107
"1157",0.00711
"1158",0.007114
"1159",0.007119
"1160",0.007121
"1161",0.007123
"1162",0.007126
"1163",0.007129
"1164",0.007129
"1165",0.007144
"1166",0.007153
"1167",0.007156
"1168",0.00717
"1169",0.007171
"1170",0.007179
"1171",0.007204
"1172",0.007208
"1173",0.007221
"1174",0.007223
"1175",0.007231
"1176",0.007242
"1177",0.007243
"1178",0.007254
"1179",0.007255
"1180",0.007256
"1181",0.007279
"1182",0.007286
"1183",0.007289
"1184",0.00729
"1185",0.007291
"1186",0.007296
"1187",0.007306
"1188",0.007322
"1189",0.007325
"1190",0.007331
"1191",0.007345
"1192",0.00736
"1193",0.007363
"1194",0.007363
"1195",0.007364
"1196",0.007365
"1197",0.007367
"1198",0.007369
"1199",0.007379
"1200",0.007388
"1201",0.007395
"1202",0.007397
"1203",0.007399
"1204",0.007401
"1205",0.007406
"1206",0.007412
"1207",0.007416
"1208",0.007418
"1209",0.007419
"1210",0.00742
"1211",0.00742
"1212",0.00742
"1213",0.00742
"1214",0.007421
"1215",0.007428
"1216",0.007435
"1217",0.007436
"1218",0.007442
"1219",0.007448
"1220",0.007459
"1221",0.00747
"1222",0.007471
"1223",0.007472
"1224",0.007478
"1225",0.007485
"1226",0.007486
"1227",0.007487
"1228",0.00749
"1229",0.007491
"1230",0.007493
"1231",0.007501
"1232",0.007501
"1233",0.007502
"1234",0.007517
"1235",0.007517
"1236",0.007518
"1237",0.007521
"1238",0.007532
"1239",0.007533
"1240",0.007535
"1241",0.007538
"1242",0.007539
"1243",0.007541
"1244",0.007542
"1245",0.007542
"1246",0.007553
"1247",0.007554
"1248",0.00756
"1249",0.007569
"1250",0.00758
"1251",0.007585
"1252",0.007586
"1253",0.007586
"1254",0.00759
"1255",0.007597
"1256",0.007615
"1257",0.007623
"1258",0.007626
"1259",0.007627
"1260",0.007639
"1261",0.007647
"1262",0.007655
"1263",0.007656
"1264",0.007658
"1265",0.007662
"1266",0.007669
"1267",0.007677
"1268",0.007677
"1269",0.00768
"1270",0.007683
"1271",0.007689
"1272",0.007689
"1273",0.00769
"1274",0.007691
"1275",0.007704
"1276",0.007705
"1277",0.007706
"1278",0.007717
"1279",0.007719
"1280",0.007721
"1281",0.007727
"1282",0.007735
"1283",0.007738
"1284",0.00774
"1285",0.007741
"1286",0.007743
"1287",0.007748
"1288",0.00775
"1289",0.007763
"1290",0.007765
"1291",0.007767
"1292",0.007768
"1293",0.007774
"1294",0.007776
"1295",0.007783
"1296",0.007794
"1297",0.007795
"1298",0.007795
"1299",0.007802
"1300",0.007813
"1301",0.007814
"1302",0.007833
"1303",0.007835
"1304",0.007836
"1305",0.007843
"1306",0.007843
"1307",0.007852
"1308",0.007854
"1309",0.00787
"1310",0.007871
"1311",0.007893
"1312",0.007894
"1313",0.007897
"1314",0.0079
"1315",0.007903
"1316",0.007906
"1317",0.007908
"1318",0.007909
"1319",0.007918
"1320",0.007929
"1321",0.007931
"1322",0.007932
"1323",0.007937
"1324",0.007939
"1325",0.007941
"1326",0.007941
"1327",0.007947
"1328",0.007949
"1329",0.007955
"1330",0.007957
"1331",0.007964
"1332",0.007969
"1333",0.007973
"1334",0.007975
"1335",0.00798
"1336",0.007985
"1337",0.007996
"1338",0.007997
"1339",0.007999
"1340",0.008036
"1341",0.008037
"1342",0.008039
"1343",0.008042
"1344",0.008044
"1345",0.008072
"1346",0.008077
"1347",0.008077
"1348",0.00808
"1349",0.008084
"1350",0.008085
"1351",0.008091
"1352",0.008092
"1353",0.008099
"1354",0.008102
"1355",0.008109
"1356",0.008121
"1357",0.008138
"1358",0.008141
"1359",0.00815
"1360",0.008161
"1361",0.008163
"1362",0.008164
"1363",0.008168
"1364",0.00817
"1365",0.00817
"1366",0.008173
"1367",0.008178
"1368",0.008179
"1369",0.008185
"1370",0.008186
"1371",0.008195
"1372",0.008204
"1373",0.008209
"1374",0.00822
"1375",0.008221
"1376",0.008224
"1377",0.008226
"1378",0.00823
"1379",0.008238
"1380",0.008244
"1381",0.008246
"1382",0.008254
"1383",0.008275
"1384",0.008284
"1385",0.008298
"1386",0.008299
"1387",0.0083
"1388",0.008323
"1389",0.008324
"1390",0.008325
"1391",0.008331
"1392",0.008335
"1393",0.008337
"1394",0.008355
"1395",0.008374
"1396",0.008383
"1397",0.008384
"1398",0.008384
"1399",0.00839
"1400",0.008391
"1401",0.008396
"1402",0.008398
"1403",0.008404
"1404",0.00841
"1405",0.008411
"1406",0.008412
"1407",0.008422
"1408",0.008425
"1409",0.008428
"1410",0.008447
"1411",0.008448
"1412",0.00846
"1413",0.008461
"1414",0.008462
"1415",0.008462
"1416",0.008463
"1417",0.008472
"1418",0.008472
"1419",0.008475
"1420",0.008485
"1421",0.008495
"1422",0.008495
"1423",0.008506
"1424",0.008518
"1425",0.008519
"1426",0.008526
"1427",0.008529
"1428",0.008529
"1429",0.008533
"1430",0.008537
"1431",0.008541
"1432",0.008543
"1433",0.008551
"1434",0.008551
"1435",0.008556
"1436",0.008559
"1437",0.008559
"1438",0.008566
"1439",0.008567
"1440",0.008577
"1441",0.008578
"1442",0.008579
"1443",0.008594
"1444",0.008603
"1445",0.008606
"1446",0.008621
"1447",0.008622
"1448",0.008632
"1449",0.008635
"1450",0.008657
"1451",0.00866
"1452",0.008663
"1453",0.008687
"1454",0.008698
"1455",0.008701
"1456",0.008726
"1457",0.008734
"1458",0.008735
"1459",0.008737
"1460",0.008741
"1461",0.008742
"1462",0.008756
"1463",0.00876
"1464",0.008768
"1465",0.008774
"1466",0.008786
"1467",0.008787
"1468",0.008789
"1469",0.008792
"1470",0.008795
"1471",0.008801
"1472",0.008806
"1473",0.008807
"1474",0.008808
"1475",0.008811
"1476",0.008818
"1477",0.00882
"1478",0.008821
"1479",0.008822
"1480",0.008822
"1481",0.008824
"1482",0.008826
"1483",0.008836
"1484",0.008845
"1485",0.008845
"1486",0.008849
"1487",0.00885
"1488",0.008858
"1489",0.008859
"1490",0.00886
"1491",0.008867
"1492",0.008867
"1493",0.008867
"1494",0.008878
"1495",0.008899
"1496",0.008904
"1497",0.008908
"1498",0.008914
"1499",0.008919
"1500",0.008932
"1501",0.008935
"1502",0.008946
"1503",0.008965
"1504",0.008972
"1505",0.008976
"1506",0.008984
"1507",0.008994
"1508",0.008999
"1509",0.009
"1510",0.009001
"1511",0.009003
"1512",0.009014
"1513",0.009022
"1514",0.009024
"1515",0.009031
"1516",0.009044
"1517",0.009064
"1518",0.009065
"1519",0.009071
"1520",0.009078
"1521",0.009078
"1522",0.009085
"1523",0.009086
"1524",0.009094
"1525",0.009097
"1526",0.009099
"1527",0.009099
"1528",0.00911
"1529",0.009113
"1530",0.009119
"1531",0.009123
"1532",0.009124
"1533",0.009133
"1534",0.009136
"1535",0.009169
"1536",0.009176
"1537",0.009178
"1538",0.009182
"1539",0.009186
"1540",0.009189
"1541",0.009192
"1542",0.009198
"1543",0.009202
"1544",0.009211
"1545",0.009216
"1546",0.009217
"1547",0.009217
"1548",0.009225
"1549",0.009239
"1550",0.009244
"1551",0.009245
"1552",0.009247
"1553",0.009266
"1554",0.009299
"1555",0.009299
"1556",0.009302
"1557",0.009304
"1558",0.009306
"1559",0.009311
"1560",0.00932
"1561",0.009323
"1562",0.009324
"1563",0.009326
"1564",0.009335
"1565",0.009364
"1566",0.009365
"1567",0.009377
"1568",0.009386
"1569",0.009387
"1570",0.009391
"1571",0.009398
"1572",0.0094
"1573",0.009418
"1574",0.009418
"1575",0.009418
"1576",0.009422
"1577",0.009429
"1578",0.009433
"1579",0.009437
"1580",0.009438
"1581",0.009438
"1582",0.009444
"1583",0.009459
"1584",0.009459
"1585",0.009464
"1586",0.00947
"1587",0.009471
"1588",0.009473
"1589",0.009474
"1590",0.009477
"1591",0.009485
"1592",0.009485
"1593",0.009486
"1594",0.009486
"1595",0.009497
"1596",0.009508
"1597",0.009514
"1598",0.009515
"1599",0.009519
"1600",0.00952
"1601",0.009534
"1602",0.009538
"1603",0.009546
"1604",0.009552
"1605",0.009563
"1606",0.009567
"1607",0.009582
"1608",0.009585
"1609",0.009586
"1610",0.009588
"1611",0.009588
"1612",0.009591
"1613",0.009615
"1614",0.009617
"1615",0.00962
"1616",0.00962
"1617",0.009629
"1618",0.009644
"1619",0.009649
"1620",0.009656
"1621",0.009657
"1622",0.009668
"1623",0.009689
"1624",0.009694
"1625",0.009699
"1626",0.0097
"1627",0.009716
"1628",0.009716
"1629",0.009719
"1630",0.00972
"1631",0.00972
"1632",0.009724
"1633",0.009725
"1634",0.009726
"1635",0.009744
"1636",0.009758
"1637",0.009763
"1638",0.009776
"1639",0.009776
"1640",0.009793
"1641",0.009798
"1642",0.0098
"1643",0.009804
"1644",0.009818
"1645",0.009818
"1646",0.009819
"1647",0.009821
"1648",0.009826
"1649",0.009831
"1650",0.009834
"1651",0.009837
"1652",0.00984
"1653",0.009845
"1654",0.009848
"1655",0.009853
"1656",0.009855
"1657",0.009862
"1658",0.009864
"1659",0.009865
"1660",0.009887
"1661",0.009888
"1662",0.009896
"1663",0.009896
"1664",0.009898
"1665",0.009901
"1666",0.009903
"1667",0.009912
"1668",0.009913
"1669",0.009913
"1670",0.009916
"1671",0.009926
"1672",0.009934
"1673",0.009939
"1674",0.00994
"1675",0.009942
"1676",0.009951
"1677",0.009951
"1678",0.009962
"1679",0.009965
"1680",0.009972
"1681",0.009975
"1682",0.009984
"1683",0.009991
"1684",0.009992
"1685",0.010001
"1686",0.010002
"1687",0.010002
"1688",0.010003
"1689",0.010019
"1690",0.010025
"1691",0.010026
"1692",0.010034
"1693",0.010034
"1694",0.01004
"1695",0.010041
"1696",0.010048
"1697",0.010055
"1698",0.010059
"1699",0.010062
"1700",0.010076
"1701",0.010078
"1702",0.010079
"1703",0.010092
"1704",0.010094
"1705",0.010095
"1706",0.0101
"1707",0.010101
"1708",0.010102
"1709",0.010103
"1710",0.010106
"1711",0.010111
"1712",0.010112
"1713",0.010115
"1714",0.010116
"1715",0.010117
"1716",0.010118
"1717",0.010119
"1718",0.01012
"1719",0.010134
"1720",0.01014
"1721",0.010149
"1722",0.010151
"1723",0.010152
"1724",0.010159
"1725",0.010166
"1726",0.010166
"1727",0.010168
"1728",0.010172
"1729",0.010172
"1730",0.010174
"1731",0.010178
"1732",0.010184
"1733",0.010184
"1734",0.010195
"1735",0.010196
"1736",0.010226
"1737",0.010228
"1738",0.010232
"1739",0.010233
"1740",0.010234
"1741",0.010245
"1742",0.010252
"1743",0.010257
"1744",0.010262
"1745",0.010266
"1746",0.010272
"1747",0.010274
"1748",0.010277
"1749",0.010278
"1750",0.010283
"1751",0.010314
"1752",0.010316
"1753",0.01033
"1754",0.010338
"1755",0.01034
"1756",0.010355
"1757",0.010359
"1758",0.010369
"1759",0.010382
"1760",0.010384
"1761",0.010386
"1762",0.010387
"1763",0.0104
"1764",0.010409
"1765",0.01041
"1766",0.010419
"1767",0.010422
"1768",0.010423
"1769",0.010426
"1770",0.010431
"1771",0.010434
"1772",0.010442
"1773",0.010447
"1774",0.010451
"1775",0.010454
"1776",0.01046
"1777",0.010462
"1778",0.010465
"1779",0.010466
"1780",0.010466
"1781",0.010475
"1782",0.010475
"1783",0.010476
"1784",0.010482
"1785",0.010486
"1786",0.0105
"1787",0.010501
"1788",0.010502
"1789",0.010521
"1790",0.010524
"1791",0.010535
"1792",0.010543
"1793",0.010548
"1794",0.010548
"1795",0.010554
"1796",0.010557
"1797",0.010558
"1798",0.01056
"1799",0.010566
"1800",0.010569
"1801",0.01057
"1802",0.010571
"1803",0.010597
"1804",0.010613
"1805",0.010623
"1806",0.010628
"1807",0.01063
"1808",0.010632
"1809",0.010636
"1810",0.010636
"1811",0.010636
"1812",0.010668
"1813",0.010671
"1814",0.010674
"1815",0.010675
"1816",0.010675
"1817",0.010676
"1818",0.010681
"1819",0.010682
"1820",0.010687
"1821",0.010689
"1822",0.010697
"1823",0.010706
"1824",0.010709
"1825",0.010712
"1826",0.010716
"1827",0.010722
"1828",0.010731
"1829",0.010734
"1830",0.010736
"1831",0.010743
"1832",0.010753
"1833",0.010758
"1834",0.010758
"1835",0.01076
"1836",0.010764
"1837",0.010767
"1838",0.010769
"1839",0.01077
"1840",0.010775
"1841",0.010777
"1842",0.010777
"1843",0.010794
"1844",0.010798
"1845",0.0108
"1846",0.010804
"1847",0.010811
"1848",0.010815
"1849",0.010825
"1850",0.010825
"1851",0.010839
"1852",0.01084
"1853",0.010841
"1854",0.01085
"1855",0.01085
"1856",0.010856
"1857",0.010856
"1858",0.010861
"1859",0.010863
"1860",0.010866
"1861",0.010867
"1862",0.010868
"1863",0.01087
"1864",0.010871
"1865",0.010874
"1866",0.010891
"1867",0.010892
"1868",0.010897
"1869",0.010904
"1870",0.010908
"1871",0.010912
"1872",0.010918
"1873",0.010925
"1874",0.010934
"1875",0.010935
"1876",0.010936
"1877",0.010936
"1878",0.010938
"1879",0.010938
"1880",0.010939
"1881",0.01094
"1882",0.010946
"1883",0.010947
"1884",0.010952
"1885",0.010952
"1886",0.010954
"1887",0.010959
"1888",0.010963
"1889",0.010965
"1890",0.010968
"1891",0.01097
"1892",0.010971
"1893",0.010972
"1894",0.010976
"1895",0.01098
"1896",0.010982
"1897",0.010992
"1898",0.010997
"1899",0.011005
"1900",0.011009
"1901",0.011019
"1902",0.011023
"1903",0.011025
"1904",0.01103
"1905",0.011032
"1906",0.011033
"1907",0.011037
"1908",0.011042
"1909",0.011042
"1910",0.011048
"1911",0.011051
"1912",0.011055
"1913",0.011059
"1914",0.011073
"1915",0.011074
"1916",0.011084
"1917",0.011086
"1918",0.011092
"1919",0.011094
"1920",0.011097
"1921",0.0111
"1922",0.011111
"1923",0.011112
"1924",0.011113
"1925",0.011115
"1926",0.011118
"1927",0.011123
"1928",0.011126
"1929",0.011127
"1930",0.011135
"1931",0.01114
"1932",0.011159
"1933",0.011176
"1934",0.011178
"1935",0.011199
"1936",0.011199
"1937",0.011203
"1938",0.011208
"1939",0.011213
"1940",0.011217
"1941",0.011218
"1942",0.011221
"1943",0.011231
"1944",0.011231
"1945",0.011234
"1946",0.011241
"1947",0.011257
"1948",0.011265
"1949",0.011275
"1950",0.01128
"1951",0.011285
"1952",0.011285
"1953",0.011287
"1954",0.011288
"1955",0.011292
"1956",0.011298
"1957",0.011302
"1958",0.011309
"1959",0.01131
"1960",0.011311
"1961",0.011313
"1962",0.011321
"1963",0.011327
"1964",0.011337
"1965",0.011338
"1966",0.011349
"1967",0.011352
"1968",0.011357
"1969",0.011363
"1970",0.011368
"1971",0.011369
"1972",0.01137
"1973",0.011376
"1974",0.01138
"1975",0.011386
"1976",0.011393
"1977",0.011396
"1978",0.011415
"1979",0.011423
"1980",0.011425
"1981",0.011429
"1982",0.01143
"1983",0.011441
"1984",0.011441
"1985",0.011443
"1986",0.011447
"1987",0.01145
"1988",0.011453
"1989",0.011463
"1990",0.011466
"1991",0.011468
"1992",0.011476
"1993",0.011485
"1994",0.011497
"1995",0.011499
"1996",0.011523
"1997",0.011547
"1998",0.011556
"1999",0.011558
"2000",0.011562
"2001",0.011579
"2002",0.011582
"2003",0.011586
"2004",0.011587
"2005",0.011593
"2006",0.011605
"2007",0.011616
"2008",0.011617
"2009",0.011619
"2010",0.01162
"2011",0.011622
"2012",0.011628
"2013",0.011632
"2014",0.011641
"2015",0.011655
"2016",0.011659
"2017",0.01167
"2018",0.011671
"2019",0.011681
"2020",0.011681
"2021",0.011683
"2022",0.011684
"2023",0.011687
"2024",0.011687
"2025",0.011691
"2026",0.011695
"2027",0.011695
"2028",0.011696
"2029",0.0117
"2030",0.011701
"2031",0.011702
"2032",0.011703
"2033",0.011708
"2034",0.011719
"2035",0.011724
"2036",0.011732
"2037",0.011733
"2038",0.011733
"2039",0.011736
"2040",0.011753
"2041",0.011754
"2042",0.011757
"2043",0.011759
"2044",0.011761
"2045",0.011762
"2046",0.011778
"2047",0.011782
"2048",0.011785
"2049",0.011789
"2050",0.011797
"2051",0.011805
"2052",0.01181
"2053",0.011811
"2054",0.011819
"2055",0.01182
"2056",0.011823
"2057",0.011831
"2058",0.01186
"2059",0.011862
"2060",0.011863
"2061",0.011867
"2062",0.011876
"2063",0.011884
"2064",0.011886
"2065",0.011894
"2066",0.011895
"2067",0.011904
"2068",0.011919
"2069",0.011922
"2070",0.011923
"2071",0.011925
"2072",0.011938
"2073",0.011941
"2074",0.011948
"2075",0.011954
"2076",0.011961
"2077",0.011962
"2078",0.011963
"2079",0.011966
"2080",0.011971
"2081",0.011986
"2082",0.011991
"2083",0.011991
"2084",0.011992
"2085",0.011995
"2086",0.011997
"2087",0.011998
"2088",0.012003
"2089",0.01201
"2090",0.012017
"2091",0.01202
"2092",0.01202
"2093",0.012021
"2094",0.012039
"2095",0.012046
"2096",0.012048
"2097",0.012056
"2098",0.012061
"2099",0.012062
"2100",0.012068
"2101",0.012068
"2102",0.012069
"2103",0.012074
"2104",0.012076
"2105",0.012079
"2106",0.01208
"2107",0.012085
"2108",0.012088
"2109",0.012094
"2110",0.012098
"2111",0.012098
"2112",0.0121
"2113",0.012102
"2114",0.012103
"2115",0.012108
"2116",0.012108
"2117",0.012109
"2118",0.012118
"2119",0.012123
"2120",0.012125
"2121",0.012134
"2122",0.012135
"2123",0.012136
"2124",0.012137
"2125",0.012138
"2126",0.012141
"2127",0.012163
"2128",0.012167
"2129",0.012169
"2130",0.012178
"2131",0.012187
"2132",0.012204
"2133",0.012207
"2134",0.012218
"2135",0.012225
"2136",0.012233
"2137",0.012233
"2138",0.012234
"2139",0.012243
"2140",0.012243
"2141",0.012244
"2142",0.012246
"2143",0.012254
"2144",0.012257
"2145",0.012262
"2146",0.012262
"2147",0.012262
"2148",0.012265
"2149",0.012278
"2150",0.012279
"2151",0.012279
"2152",0.012279
"2153",0.01231
"2154",0.012322
"2155",0.012335
"2156",0.012339
"2157",0.01234
"2158",0.012344
"2159",0.012345
"2160",0.012346
"2161",0.012347
"2162",0.012358
"2163",0.01236
"2164",0.012364
"2165",0.01237
"2166",0.012375
"2167",0.012377
"2168",0.012379
"2169",0.012399
"2170",0.0124
"2171",0.012407
"2172",0.012418
"2173",0.012419
"2174",0.01243
"2175",0.012434
"2176",0.012437
"2177",0.012442
"2178",0.012463
"2179",0.012464
"2180",0.012471
"2181",0.012474
"2182",0.012474
"2183",0.012478
"2184",0.012484
"2185",0.012489
"2186",0.012493
"2187",0.012494
"2188",0.012503
"2189",0.012504
"2190",0.012509
"2191",0.012512
"2192",0.012518
"2193",0.012525
"2194",0.012529
"2195",0.012531
"2196",0.012539
"2197",0.01254
"2198",0.012552
"2199",0.012561
"2200",0.012565
"2201",0.012572
"2202",0.012578
"2203",0.012593
"2204",0.012593
"2205",0.012594
"2206",0.012595
"2207",0.012603
"2208",0.012607
"2209",0.012608
"2210",0.012609
"2211",0.012626
"2212",0.012646
"2213",0.012648
"2214",0.012649
"2215",0.01265
"2216",0.012651
"2217",0.012658
"2218",0.012662
"2219",0.012664
"2220",0.012665
"2221",0.012678
"2222",0.012707
"2223",0.012717
"2224",0.012721
"2225",0.012723
"2226",0.012731
"2227",0.012741
"2228",0.012748
"2229",0.012755
"2230",0.012768
"2231",0.012771
"2232",0.012773
"2233",0.01279
"2234",0.012797
"2235",0.012798
"2236",0.0128
"2237",0.012812
"2238",0.012823
"2239",0.012824
"2240",0.012826
"2241",0.012846
"2242",0.012853
"2243",0.012854
"2244",0.012857
"2245",0.012864
"2246",0.012878
"2247",0.012879
"2248",0.012889
"2249",0.012895
"2250",0.0129
"2251",0.012906
"2252",0.012916
"2253",0.012922
"2254",0.012922
"2255",0.012923
"2256",0.012924
"2257",0.012926
"2258",0.012927
"2259",0.012943
"2260",0.012945
"2261",0.012952
"2262",0.012953
"2263",0.01296
"2264",0.012965
"2265",0.012985
"2266",0.012989
"2267",0.013004
"2268",0.013019
"2269",0.01305
"2270",0.013051
"2271",0.013055
"2272",0.013058
"2273",0.013063
"2274",0.013069
"2275",0.013077
"2276",0.013084
"2277",0.01309
"2278",0.013114
"2279",0.013122
"2280",0.013133
"2281",0.013135
"2282",0.013141
"2283",0.013143
"2284",0.013144
"2285",0.013154
"2286",0.013156
"2287",0.013159
"2288",0.013161
"2289",0.013172
"2290",0.013172
"2291",0.013185
"2292",0.013189
"2293",0.013195
"2294",0.013198
"2295",0.013201
"2296",0.013216
"2297",0.013228
"2298",0.013234
"2299",0.013242
"2300",0.013244
"2301",0.013244
"2302",0.013245
"2303",0.013246
"2304",0.013246
"2305",0.013251
"2306",0.013251
"2307",0.013253
"2308",0.013253
"2309",0.013258
"2310",0.013266
"2311",0.013266
"2312",0.013269
"2313",0.013273
"2314",0.013285
"2315",0.013287
"2316",0.013289
"2317",0.013291
"2318",0.013294
"2319",0.013295
"2320",0.0133
"2321",0.013311
"2322",0.013319
"2323",0.013332
"2324",0.013339
"2325",0.013341
"2326",0.013342
"2327",0.013353
"2328",0.013354
"2329",0.013356
"2330",0.013361
"2331",0.013369
"2332",0.013375
"2333",0.013377
"2334",0.013384
"2335",0.013401
"2336",0.013406
"2337",0.013425
"2338",0.013425
"2339",0.013434
"2340",0.01344
"2341",0.01344
"2342",0.013447
"2343",0.013448
"2344",0.013451
"2345",0.013458
"2346",0.01346
"2347",0.013463
"2348",0.013468
"2349",0.013474
"2350",0.013474
"2351",0.013476
"2352",0.013485
"2353",0.013487
"2354",0.013489
"2355",0.013497
"2356",0.013497
"2357",0.013497
"2358",0.013499
"2359",0.013499
"2360",0.013502
"2361",0.013512
"2362",0.013519
"2363",0.013536
"2364",0.013541
"2365",0.013548
"2366",0.01355
"2367",0.013552
"2368",0.013571
"2369",0.013589
"2370",0.013589
"2371",0.013592
"2372",0.013614
"2373",0.013618
"2374",0.013626
"2375",0.013628
"2376",0.013658
"2377",0.013661
"2378",0.013668
"2379",0.013669
"2380",0.01367
"2381",0.013672
"2382",0.013673
"2383",0.013687
"2384",0.01369
"2385",0.013695
"2386",0.013704
"2387",0.013719
"2388",0.013735
"2389",0.013747
"2390",0.013766
"2391",0.013767
"2392",0.013776
"2393",0.013778
"2394",0.01378
"2395",0.013787
"2396",0.013795
"2397",0.013807
"2398",0.013815
"2399",0.013816
"2400",0.013818
"2401",0.013824
"2402",0.013832
"2403",0.013833
"2404",0.013836
"2405",0.013843
"2406",0.013852
"2407",0.013853
"2408",0.013854
"2409",0.013858
"2410",0.013868
"2411",0.013875
"2412",0.013893
"2413",0.013904
"2414",0.013907
"2415",0.013923
"2416",0.013924
"2417",0.013926
"2418",0.013936
"2419",0.013942
"2420",0.013946
"2421",0.013953
"2422",0.013976
"2423",0.013977
"2424",0.013978
"2425",0.013987
"2426",0.013996
"2427",0.014012
"2428",0.014016
"2429",0.014018
"2430",0.014032
"2431",0.014061
"2432",0.014063
"2433",0.014066
"2434",0.014074
"2435",0.014076
"2436",0.014078
"2437",0.014091
"2438",0.014106
"2439",0.014126
"2440",0.014128
"2441",0.014129
"2442",0.014135
"2443",0.014139
"2444",0.014157
"2445",0.014158
"2446",0.01416
"2447",0.014173
"2448",0.014176
"2449",0.014181
"2450",0.014185
"2451",0.014196
"2452",0.01421
"2453",0.01421
"2454",0.014211
"2455",0.014219
"2456",0.014246
"2457",0.014246
"2458",0.01425
"2459",0.014259
"2460",0.014265
"2461",0.014269
"2462",0.014278
"2463",0.01428
"2464",0.014283
"2465",0.014293
"2466",0.0143
"2467",0.014304
"2468",0.014308
"2469",0.014311
"2470",0.014326
"2471",0.014334
"2472",0.014337
"2473",0.014343
"2474",0.014343
"2475",0.014359
"2476",0.014362
"2477",0.01438
"2478",0.014393
"2479",0.014396
"2480",0.014398
"2481",0.0144
"2482",0.014407
"2483",0.014411
"2484",0.014413
"2485",0.014417
"2486",0.014417
"2487",0.014426
"2488",0.01445
"2489",0.014453
"2490",0.014468
"2491",0.014475
"2492",0.014486
"2493",0.014487
"2494",0.014493
"2495",0.014515
"2496",0.014516
"2497",0.014521
"2498",0.014522
"2499",0.014523
"2500",0.014555
"2501",0.014563
"2502",0.014567
"2503",0.014582
"2504",0.014593
"2505",0.014596
"2506",0.014599
"2507",0.014599
"2508",0.014602
"2509",0.014603
"2510",0.014606
"2511",0.014615
"2512",0.014619
"2513",0.01462
"2514",0.014634
"2515",0.014638
"2516",0.014679
"2517",0.014682
"2518",0.014697
"2519",0.014705
"2520",0.014705
"2521",0.014705
"2522",0.014711
"2523",0.01472
"2524",0.014731
"2525",0.014732
"2526",0.014733
"2527",0.014735
"2528",0.01474
"2529",0.014743
"2530",0.014749
"2531",0.014759
"2532",0.014764
"2533",0.014777
"2534",0.014785
"2535",0.014792
"2536",0.014804
"2537",0.014812
"2538",0.014813
"2539",0.014821
"2540",0.014832
"2541",0.014834
"2542",0.014834
"2543",0.014839
"2544",0.014852
"2545",0.014867
"2546",0.014875
"2547",0.014898
"2548",0.014908
"2549",0.014912
"2550",0.014918
"2551",0.014922
"2552",0.014923
"2553",0.014934
"2554",0.014944
"2555",0.014971
"2556",0.014975
"2557",0.014994
"2558",0.015006
"2559",0.015053
"2560",0.015057
"2561",0.01506
"2562",0.015063
"2563",0.015072
"2564",0.015081
"2565",0.015114
"2566",0.015134
"2567",0.015144
"2568",0.01516
"2569",0.015165
"2570",0.015172
"2571",0.015174
"2572",0.015177
"2573",0.015192
"2574",0.015196
"2575",0.015202
"2576",0.015203
"2577",0.015213
"2578",0.015224
"2579",0.01523
"2580",0.015237
"2581",0.01524
"2582",0.01525
"2583",0.015256
"2584",0.015263
"2585",0.015267
"2586",0.015268
"2587",0.015277
"2588",0.01528
"2589",0.015287
"2590",0.015289
"2591",0.015294
"2592",0.015305
"2593",0.015306
"2594",0.01531
"2595",0.015317
"2596",0.015317
"2597",0.015326
"2598",0.015327
"2599",0.015348
"2600",0.015357
"2601",0.015358
"2602",0.01536
"2603",0.015362
"2604",0.015365
"2605",0.015372
"2606",0.015384
"2607",0.015394
"2608",0.015396
"2609",0.015401
"2610",0.015404
"2611",0.015406
"2612",0.015411
"2613",0.015423
"2614",0.015426
"2615",0.015434
"2616",0.015436
"2617",0.015445
"2618",0.015447
"2619",0.015452
"2620",0.015455
"2621",0.01546
"2622",0.015462
"2623",0.015462
"2624",0.015465
"2625",0.015465
"2626",0.015466
"2627",0.015479
"2628",0.015482
"2629",0.015495
"2630",0.015501
"2631",0.01551
"2632",0.015519
"2633",0.015525
"2634",0.015534
"2635",0.01554
"2636",0.015546
"2637",0.01555
"2638",0.015557
"2639",0.015565
"2640",0.015576
"2641",0.015581
"2642",0.015585
"2643",0.015598
"2644",0.015608
"2645",0.015609
"2646",0.015613
"2647",0.01562
"2648",0.015631
"2649",0.015635
"2650",0.015649
"2651",0.015652
"2652",0.015672
"2653",0.015673
"2654",0.015679
"2655",0.015683
"2656",0.015684
"2657",0.015698
"2658",0.015698
"2659",0.015708
"2660",0.015714
"2661",0.015722
"2662",0.015745
"2663",0.015749
"2664",0.015749
"2665",0.015774
"2666",0.015778
"2667",0.01578
"2668",0.015792
"2669",0.015809
"2670",0.015809
"2671",0.015811
"2672",0.015818
"2673",0.015828
"2674",0.015844
"2675",0.015852
"2676",0.015869
"2677",0.015871
"2678",0.015896
"2679",0.015902
"2680",0.015917
"2681",0.015917
"2682",0.015922
"2683",0.015925
"2684",0.015925
"2685",0.015933
"2686",0.015943
"2687",0.015971
"2688",0.015978
"2689",0.015989
"2690",0.015991
"2691",0.01601
"2692",0.016012
"2693",0.016022
"2694",0.016025
"2695",0.016025
"2696",0.016042
"2697",0.016044
"2698",0.01605
"2699",0.016054
"2700",0.016055
"2701",0.016062
"2702",0.016062
"2703",0.016064
"2704",0.01607
"2705",0.01608
"2706",0.016086
"2707",0.016086
"2708",0.016089
"2709",0.016091
"2710",0.016104
"2711",0.016128
"2712",0.016132
"2713",0.016163
"2714",0.016168
"2715",0.016171
"2716",0.016171
"2717",0.016177
"2718",0.016185
"2719",0.016189
"2720",0.016194
"2721",0.016194
"2722",0.016204
"2723",0.01621
"2724",0.016222
"2725",0.016226
"2726",0.01624
"2727",0.016243
"2728",0.016246
"2729",0.016254
"2730",0.016263
"2731",0.016266
"2732",0.016272
"2733",0.01629
"2734",0.016294
"2735",0.016294
"2736",0.016296
"2737",0.016297
"2738",0.0163
"2739",0.016304
"2740",0.016307
"2741",0.01631
"2742",0.01631
"2743",0.016311
"2744",0.016319
"2745",0.016326
"2746",0.016328
"2747",0.016336
"2748",0.01634
"2749",0.016343
"2750",0.016345
"2751",0.016347
"2752",0.016348
"2753",0.016357
"2754",0.016358
"2755",0.016358
"2756",0.016373
"2757",0.016379
"2758",0.016396
"2759",0.016407
"2760",0.016414
"2761",0.016428
"2762",0.016435
"2763",0.016437
"2764",0.016438
"2765",0.016441
"2766",0.016462
"2767",0.016466
"2768",0.016466
"2769",0.016481
"2770",0.01649
"2771",0.016492
"2772",0.016504
"2773",0.016506
"2774",0.016507
"2775",0.016518
"2776",0.016525
"2777",0.016537
"2778",0.016539
"2779",0.016542
"2780",0.016547
"2781",0.016549
"2782",0.016552
"2783",0.016554
"2784",0.016557
"2785",0.016576
"2786",0.016578
"2787",0.016596
"2788",0.016597
"2789",0.0166
"2790",0.016601
"2791",0.016613
"2792",0.016625
"2793",0.016626
"2794",0.016639
"2795",0.016644
"2796",0.016658
"2797",0.016671
"2798",0.016674
"2799",0.016676
"2800",0.016676
"2801",0.016686
"2802",0.016707
"2803",0.016713
"2804",0.016735
"2805",0.01674
"2806",0.016742
"2807",0.016749
"2808",0.016767
"2809",0.01677
"2810",0.016783
"2811",0.016788
"2812",0.016804
"2813",0.016816
"2814",0.01682
"2815",0.016828
"2816",0.016829
"2817",0.016857
"2818",0.016871
"2819",0.016875
"2820",0.016878
"2821",0.016895
"2822",0.016927
"2823",0.016932
"2824",0.016936
"2825",0.016938
"2826",0.016943
"2827",0.016944
"2828",0.016954
"2829",0.016966
"2830",0.016968
"2831",0.016981
"2832",0.016981
"2833",0.016987
"2834",0.016993
"2835",0.016993
"2836",0.016997
"2837",0.017002
"2838",0.017009
"2839",0.017011
"2840",0.017023
"2841",0.017025
"2842",0.017026
"2843",0.017032
"2844",0.017042
"2845",0.017047
"2846",0.017074
"2847",0.017076
"2848",0.017089
"2849",0.017096
"2850",0.017098
"2851",0.017099
"2852",0.017104
"2853",0.017126
"2854",0.017129
"2855",0.017133
"2856",0.017133
"2857",0.017149
"2858",0.01715
"2859",0.017174
"2860",0.017185
"2861",0.017199
"2862",0.017209
"2863",0.017224
"2864",0.017227
"2865",0.017294
"2866",0.017309
"2867",0.01733
"2868",0.017337
"2869",0.01734
"2870",0.017352
"2871",0.017354
"2872",0.017383
"2873",0.017392
"2874",0.017393
"2875",0.017405
"2876",0.017423
"2877",0.017438
"2878",0.017443
"2879",0.017446
"2880",0.017446
"2881",0.017452
"2882",0.017458
"2883",0.017464
"2884",0.01747
"2885",0.017479
"2886",0.017498
"2887",0.0175
"2888",0.017503
"2889",0.017505
"2890",0.017506
"2891",0.017512
"2892",0.017513
"2893",0.017521
"2894",0.017536
"2895",0.017537
"2896",0.017538
"2897",0.017541
"2898",0.017557
"2899",0.017559
"2900",0.017565
"2901",0.017569
"2902",0.017587
"2903",0.017588
"2904",0.017588
"2905",0.017601
"2906",0.017606
"2907",0.017613
"2908",0.017633
"2909",0.017633
"2910",0.017638
"2911",0.017674
"2912",0.017699
"2913",0.0177
"2914",0.017719
"2915",0.01772
"2916",0.01772
"2917",0.017727
"2918",0.017742
"2919",0.017777
"2920",0.017782
"2921",0.017784
"2922",0.017788
"2923",0.017789
"2924",0.017795
"2925",0.017807
"2926",0.017813
"2927",0.017814
"2928",0.01784
"2929",0.017845
"2930",0.01785
"2931",0.017852
"2932",0.01789
"2933",0.017916
"2934",0.017925
"2935",0.017942
"2936",0.017943
"2937",0.017964
"2938",0.017968
"2939",0.017969
"2940",0.017978
"2941",0.017987
"2942",0.018002
"2943",0.018005
"2944",0.018008
"2945",0.018009
"2946",0.018034
"2947",0.018047
"2948",0.018065
"2949",0.018078
"2950",0.018089
"2951",0.018093
"2952",0.018107
"2953",0.018111
"2954",0.018124
"2955",0.018142
"2956",0.018147
"2957",0.018156
"2958",0.01818
"2959",0.0182
"2960",0.018201
"2961",0.018212
"2962",0.018247
"2963",0.018249
"2964",0.018269
"2965",0.018273
"2966",0.018298
"2967",0.018317
"2968",0.018334
"2969",0.018342
"2970",0.018359
"2971",0.018374
"2972",0.01841
"2973",0.018411
"2974",0.018415
"2975",0.018426
"2976",0.018436
"2977",0.01844
"2978",0.018441
"2979",0.018442
"2980",0.018445
"2981",0.018446
"2982",0.018449
"2983",0.018453
"2984",0.018463
"2985",0.018469
"2986",0.018473
"2987",0.018477
"2988",0.018485
"2989",0.018488
"2990",0.01849
"2991",0.018563
"2992",0.018569
"2993",0.018575
"2994",0.018589
"2995",0.0186
"2996",0.018611
"2997",0.018614
"2998",0.018616
"2999",0.018627
"3000",0.018642
"3001",0.018643
"3002",0.018646
"3003",0.018665
"3004",0.018671
"3005",0.018674
"3006",0.018677
"3007",0.018682
"3008",0.018737
"3009",0.018742
"3010",0.018759
"3011",0.018765
"3012",0.018766
"3013",0.018786
"3014",0.01886
"3015",0.018871
"3016",0.018878
"3017",0.018884
"3018",0.018889
"3019",0.018894
"3020",0.018894
"3021",0.018896
"3022",0.018909
"3023",0.018911
"3024",0.018912
"3025",0.018935
"3026",0.018938
"3027",0.018943
"3028",0.019013
"3029",0.019018
"3030",0.019021
"3031",0.019026
"3032",0.019032
"3033",0.019038
"3034",0.019052
"3035",0.019063
"3036",0.019069
"3037",0.019075
"3038",0.01908
"3039",0.019081
"3040",0.019095
"3041",0.019104
"3042",0.019129
"3043",0.019132
"3044",0.019134
"3045",0.019143
"3046",0.019151
"3047",0.019156
"3048",0.01916
"3049",0.019179
"3050",0.019212
"3051",0.019225
"3052",0.019236
"3053",0.019266
"3054",0.019267
"3055",0.019267
"3056",0.019275
"3057",0.019276
"3058",0.019287
"3059",0.019303
"3060",0.01936
"3061",0.019385
"3062",0.019416
"3063",0.019419
"3064",0.019427
"3065",0.019464
"3066",0.019466
"3067",0.019481
"3068",0.019484
"3069",0.019495
"3070",0.019496
"3071",0.019498
"3072",0.019498
"3073",0.0195
"3074",0.019507
"3075",0.019508
"3076",0.019513
"3077",0.019539
"3078",0.019572
"3079",0.019612
"3080",0.01962
"3081",0.019653
"3082",0.019659
"3083",0.019665
"3084",0.019668
"3085",0.019689
"3086",0.01969
"3087",0.019701
"3088",0.019716
"3089",0.019724
"3090",0.019734
"3091",0.019743
"3092",0.019761
"3093",0.019792
"3094",0.019805
"3095",0.019813
"3096",0.01983
"3097",0.019837
"3098",0.019846
"3099",0.019885
"3100",0.019889
"3101",0.019894
"3102",0.019941
"3103",0.019942
"3104",0.019944
"3105",0.019978
"3106",0.019987
"3107",0.020015
"3108",0.020017
"3109",0.020019
"3110",0.02002
"3111",0.020079
"3112",0.020083
"3113",0.020091
"3114",0.020095
"3115",0.020096
"3116",0.020104
"3117",0.020104
"3118",0.020107
"3119",0.020112
"3120",0.020117
"3121",0.020117
"3122",0.020128
"3123",0.020155
"3124",0.020156
"3125",0.020157
"3126",0.020164
"3127",0.020186
"3128",0.02019
"3129",0.020205
"3130",0.020208
"3131",0.020231
"3132",0.020238
"3133",0.020253
"3134",0.020261
"3135",0.020263
"3136",0.02027
"3137",0.020314
"3138",0.020322
"3139",0.020328
"3140",0.02035
"3141",0.020355
"3142",0.02036
"3143",0.020394
"3144",0.020401
"3145",0.020402
"3146",0.020426
"3147",0.020438
"3148",0.020481
"3149",0.020492
"3150",0.020499
"3151",0.020505
"3152",0.020509
"3153",0.020516
"3154",0.020522
"3155",0.020529
"3156",0.020532
"3157",0.020534
"3158",0.020548
"3159",0.020567
"3160",0.020616
"3161",0.020617
"3162",0.020625
"3163",0.020631
"3164",0.020677
"3165",0.02069
"3166",0.020717
"3167",0.020744
"3168",0.020753
"3169",0.020755
"3170",0.02076
"3171",0.020797
"3172",0.020831
"3173",0.020865
"3174",0.020871
"3175",0.020877
"3176",0.020884
"3177",0.020885
"3178",0.020908
"3179",0.020911
"3180",0.020917
"3181",0.02093
"3182",0.02093
"3183",0.020934
"3184",0.020936
"3185",0.020955
"3186",0.020965
"3187",0.020996
"3188",0.020997
"3189",0.021045
"3190",0.021101
"3191",0.021166
"3192",0.021169
"3193",0.021204
"3194",0.021212
"3195",0.021233
"3196",0.02125
"3197",0.021287
"3198",0.021292
"3199",0.021294
"3200",0.0213
"3201",0.021301
"3202",0.021301
"3203",0.021314
"3204",0.021332
"3205",0.021334
"3206",0.021344
"3207",0.021357
"3208",0.021376
"3209",0.021386
"3210",0.021392
"3211",0.021405
"3212",0.021411
"3213",0.021421
"3214",0.021469
"3215",0.021471
"3216",0.02148
"3217",0.021507
"3218",0.021508
"3219",0.021509
"3220",0.021532
"3221",0.021554
"3222",0.021585
"3223",0.021601
"3224",0.021605
"3225",0.021614
"3226",0.021616
"3227",0.02163
"3228",0.021633
"3229",0.02164
"3230",0.021663
"3231",0.021664
"3232",0.021681
"3233",0.021682
"3234",0.021695
"3235",0.02171
"3236",0.021717
"3237",0.02173
"3238",0.021766
"3239",0.021781
"3240",0.021783
"3241",0.021784
"3242",0.021801
"3243",0.021803
"3244",0.021917
"3245",0.021933
"3246",0.021964
"3247",0.021971
"3248",0.022011
"3249",0.022011
"3250",0.022034
"3251",0.022054
"3252",0.022058
"3253",0.022059
"3254",0.022059
"3255",0.022068
"3256",0.022075
"3257",0.022092
"3258",0.022125
"3259",0.022133
"3260",0.022137
"3261",0.022164
"3262",0.022164
"3263",0.022172
"3264",0.022174
"3265",0.022193
"3266",0.022222
"3267",0.02223
"3268",0.022264
"3269",0.022276
"3270",0.022291
"3271",0.022308
"3272",0.022317
"3273",0.022329
"3274",0.022361
"3275",0.022364
"3276",0.022375
"3277",0.022423
"3278",0.022434
"3279",0.022498
"3280",0.022501
"3281",0.022504
"3282",0.022512
"3283",0.022526
"3284",0.02255
"3285",0.022563
"3286",0.022571
"3287",0.022589
"3288",0.022593
"3289",0.0226
"3290",0.022647
"3291",0.022649
"3292",0.022658
"3293",0.022668
"3294",0.022707
"3295",0.022711
"3296",0.022723
"3297",0.022733
"3298",0.022787
"3299",0.022788
"3300",0.022803
"3301",0.022814
"3302",0.02283
"3303",0.022854
"3304",0.02289
"3305",0.022903
"3306",0.022905
"3307",0.022911
"3308",0.022935
"3309",0.022937
"3310",0.022947
"3311",0.022951
"3312",0.022953
"3313",0.022954
"3314",0.022973
"3315",0.02298
"3316",0.023002
"3317",0.023011
"3318",0.023013
"3319",0.02303
"3320",0.02307
"3321",0.023082
"3322",0.023093
"3323",0.023102
"3324",0.023115
"3325",0.02317
"3326",0.023177
"3327",0.023222
"3328",0.023235
"3329",0.023237
"3330",0.023241
"3331",0.023249
"3332",0.023267
"3333",0.023272
"3334",0.02329
"3335",0.023306
"3336",0.023316
"3337",0.02333
"3338",0.023331
"3339",0.023339
"3340",0.023346
"3341",0.023348
"3342",0.02337
"3343",0.02337
"3344",0.023385
"3345",0.023394
"3346",0.023402
"3347",0.023422
"3348",0.023429
"3349",0.023433
"3350",0.023438
"3351",0.023441
"3352",0.023449
"3353",0.023518
"3354",0.023538
"3355",0.023572
"3356",0.023577
"3357",0.023634
"3358",0.023656
"3359",0.023657
"3360",0.023685
"3361",0.023725
"3362",0.02375
"3363",0.023752
"3364",0.023757
"3365",0.023772
"3366",0.023772
"3367",0.023776
"3368",0.023786
"3369",0.02381
"3370",0.023815
"3371",0.023824
"3372",0.023825
"3373",0.023829
"3374",0.023829
"3375",0.023857
"3376",0.023858
"3377",0.02391
"3378",0.023917
"3379",0.023949
"3380",0.023954
"3381",0.024008
"3382",0.024043
"3383",0.024046
"3384",0.024052
"3385",0.024053
"3386",0.024068
"3387",0.024068
"3388",0.024084
"3389",0.024099
"3390",0.024125
"3391",0.024193
"3392",0.0242
"3393",0.024201
"3394",0.024203
"3395",0.024205
"3396",0.024262
"3397",0.024291
"3398",0.024299
"3399",0.024301
"3400",0.024304
"3401",0.024315
"3402",0.024342
"3403",0.024348
"3404",0.024372
"3405",0.024375
"3406",0.024383
"3407",0.024443
"3408",0.02445
"3409",0.024466
"3410",0.024513
"3411",0.024537
"3412",0.024559
"3413",0.024586
"3414",0.024599
"3415",0.024599
"3416",0.024661
"3417",0.024669
"3418",0.024678
"3419",0.024696
"3420",0.024696
"3421",0.024738
"3422",0.024746
"3423",0.024756
"3424",0.024759
"3425",0.024781
"3426",0.024786
"3427",0.024797
"3428",0.024826
"3429",0.024837
"3430",0.024861
"3431",0.024889
"3432",0.024894
"3433",0.024902
"3434",0.024941
"3435",0.024974
"3436",0.024981
"3437",0.025011
"3438",0.025012
"3439",0.025041
"3440",0.025071
"3441",0.025075
"3442",0.025095
"3443",0.025143
"3444",0.025147
"3445",0.025166
"3446",0.025175
"3447",0.025197
"3448",0.0252
"3449",0.025211
"3450",0.025265
"3451",0.02527
"3452",0.025282
"3453",0.025333
"3454",0.025341
"3455",0.025369
"3456",0.025372
"3457",0.025376
"3458",0.02538
"3459",0.0254
"3460",0.02542
"3461",0.025435
"3462",0.02546
"3463",0.025467
"3464",0.025475
"3465",0.025501
"3466",0.025511
"3467",0.025519
"3468",0.025523
"3469",0.025537
"3470",0.025537
"3471",0.025547
"3472",0.025593
"3473",0.025646
"3474",0.025651
"3475",0.025666
"3476",0.025674
"3477",0.025686
"3478",0.025716
"3479",0.02572
"3480",0.025741
"3481",0.02579
"3482",0.025795
"3483",0.025805
"3484",0.025959
"3485",0.02596
"3486",0.025977
"3487",0.025982
"3488",0.025984
"3489",0.025988
"3490",0.025996
"3491",0.026
"3492",0.02601
"3493",0.026021
"3494",0.026033
"3495",0.026041
"3496",0.026064
"3497",0.02607
"3498",0.026073
"3499",0.026096
"3500",0.026128
"3501",0.026136
"3502",0.026209
"3503",0.026217
"3504",0.026252
"3505",0.026257
"3506",0.026262
"3507",0.026321
"3508",0.026352
"3509",0.026368
"3510",0.02637
"3511",0.026374
"3512",0.026396
"3513",0.026427
"3514",0.026434
"3515",0.026448
"3516",0.026465
"3517",0.026499
"3518",0.02653
"3519",0.026594
"3520",0.026642
"3521",0.026645
"3522",0.026698
"3523",0.026709
"3524",0.026711
"3525",0.026774
"3526",0.026794
"3527",0.026807
"3528",0.026809
"3529",0.026813
"3530",0.026862
"3531",0.02695
"3532",0.026979
"3533",0.027105
"3534",0.027118
"3535",0.027123
"3536",0.027127
"3537",0.027151
"3538",0.027152
"3539",0.027196
"3540",0.027203
"3541",0.027205
"3542",0.027207
"3543",0.027216
"3544",0.027248
"3545",0.027289
"3546",0.027307
"3547",0.027313
"3548",0.027313
"3549",0.027363
"3550",0.027394
"3551",0.027419
"3552",0.027461
"3553",0.027467
"3554",0.027481
"3555",0.027508
"3556",0.02752
"3557",0.02753
"3558",0.027539
"3559",0.02756
"3560",0.027625
"3561",0.027668
"3562",0.027687
"3563",0.027715
"3564",0.027778
"3565",0.027779
"3566",0.027784
"3567",0.027818
"3568",0.027822
"3569",0.027823
"3570",0.027864
"3571",0.02788
"3572",0.027942
"3573",0.027951
"3574",0.02797
"3575",0.027992
"3576",0.027998
"3577",0.028005
"3578",0.02801
"3579",0.028011
"3580",0.028032
"3581",0.028041
"3582",0.028071
"3583",0.028074
"3584",0.028102
"3585",0.02811
"3586",0.028131
"3587",0.028188
"3588",0.028208
"3589",0.028233
"3590",0.02824
"3591",0.028243
"3592",0.028264
"3593",0.028329
"3594",0.028352
"3595",0.028361
"3596",0.02838
"3597",0.028419
"3598",0.02848
"3599",0.028503
"3600",0.028536
"3601",0.028559
"3602",0.028561
"3603",0.028587
"3604",0.028627
"3605",0.028631
"3606",0.028635
"3607",0.028651
"3608",0.028672
"3609",0.028684
"3610",0.028711
"3611",0.028722
"3612",0.028724
"3613",0.028747
"3614",0.028782
"3615",0.028809
"3616",0.028869
"3617",0.028885
"3618",0.028896
"3619",0.028942
"3620",0.029016
"3621",0.02903
"3622",0.029057
"3623",0.029059
"3624",0.029062
"3625",0.029069
"3626",0.029073
"3627",0.02909
"3628",0.029125
"3629",0.02915
"3630",0.029174
"3631",0.029176
"3632",0.029184
"3633",0.029215
"3634",0.029272
"3635",0.029272
"3636",0.029276
"3637",0.029324
"3638",0.029404
"3639",0.029419
"3640",0.029458
"3641",0.029484
"3642",0.029536
"3643",0.029549
"3644",0.029551
"3645",0.02965
"3646",0.029673
"3647",0.029748
"3648",0.029754
"3649",0.029808
"3650",0.029817
"3651",0.029832
"3652",0.029836
"3653",0.029847
"3654",0.029848
"3655",0.029855
"3656",0.029893
"3657",0.029916
"3658",0.029917
"3659",0.029927
"3660",0.029933
"3661",0.029984
"3662",0.030003
"3663",0.030058
"3664",0.030094
"3665",0.030117
"3666",0.030128
"3667",0.030146
"3668",0.030146
"3669",0.03018
"3670",0.030245
"3671",0.030263
"3672",0.030312
"3673",0.030325
"3674",0.030326
"3675",0.030327
"3676",0.030354
"3677",0.030378
"3678",0.030409
"3679",0.030416
"3680",0.030418
"3681",0.030421
"3682",0.030492
"3683",0.03052
"3684",0.03054
"3685",0.030566
"3686",0.030603
"3687",0.03061
"3688",0.030615
"3689",0.030646
"3690",0.030671
"3691",0.030681
"3692",0.03069
"3693",0.030694
"3694",0.030741
"3695",0.030785
"3696",0.030794
"3697",0.030809
"3698",0.030851
"3699",0.030871
"3700",0.030926
"3701",0.030929
"3702",0.030936
"3703",0.030957
"3704",0.030961
"3705",0.030995
"3706",0.031003
"3707",0.031034
"3708",0.031103
"3709",0.031118
"3710",0.031195
"3711",0.031282
"3712",0.031285
"3713",0.031402
"3714",0.031403
"3715",0.031422
"3716",0.031436
"3717",0.03145
"3718",0.031486
"3719",0.031506
"3720",0.031542
"3721",0.031583
"3722",0.031695
"3723",0.031785
"3724",0.031794
"3725",0.031893
"3726",0.032003
"3727",0.03203
"3728",0.03204
"3729",0.032066
"3730",0.032095
"3731",0.032108
"3732",0.032147
"3733",0.032218
"3734",0.032258
"3735",0.032274
"3736",0.032278
"3737",0.032287
"3738",0.032319
"3739",0.032329
"3740",0.032389
"3741",0.032397
"3742",0.032436
"3743",0.03251
"3744",0.03253
"3745",0.032561
"3746",0.032605
"3747",0.03263
"3748",0.03266
"3749",0.032669
"3750",0.032691
"3751",0.032704
"3752",0.032711
"3753",0.032746
"3754",0.03281
"3755",0.032852
"3756",0.032875
"3757",0.032895
"3758",0.032912
"3759",0.032933
"3760",0.032934
"3761",0.032952
"3762",0.032961
"3763",0.032963
"3764",0.032967
"3765",0.032996
"3766",0.033018
"3767",0.033038
"3768",0.033045
"3769",0.033055
"3770",0.033113
"3771",0.033123
"3772",0.033137
"3773",0.033141
"3774",0.033142
"3775",0.033167
"3776",0.03324
"3777",0.03325
"3778",0.033286
"3779",0.033338
"3780",0.033357
"3781",0.033373
"3782",0.033409
"3783",0.033415
"3784",0.033421
"3785",0.033432
"3786",0.033438
"3787",0.033482
"3788",0.033545
"3789",0.033736
"3790",0.033738
"3791",0.033764
"3792",0.033817
"3793",0.033824
"3794",0.033852
"3795",0.033855
"3796",0.033879
"3797",0.033881
"3798",0.03389
"3799",0.033912
"3800",0.033935
"3801",0.034017
"3802",0.034094
"3803",0.034145
"3804",0.034183
"3805",0.034241
"3806",0.034281
"3807",0.03432
"3808",0.034338
"3809",0.034339
"3810",0.034353
"3811",0.03438
"3812",0.034447
"3813",0.034488
"3814",0.034489
"3815",0.034542
"3816",0.034566
"3817",0.034572
"3818",0.034585
"3819",0.034592
"3820",0.034609
"3821",0.03466
"3822",0.034716
"3823",0.034766
"3824",0.034812
"3825",0.034843
"3826",0.034908
"3827",0.035
"3828",0.035086
"3829",0.035118
"3830",0.035124
"3831",0.035264
"3832",0.035328
"3833",0.035335
"3834",0.035409
"3835",0.03543
"3836",0.035443
"3837",0.035493
"3838",0.035504
"3839",0.035533
"3840",0.035583
"3841",0.035643
"3842",0.035644
"3843",0.035701
"3844",0.035724
"3845",0.035735
"3846",0.035746
"3847",0.035759
"3848",0.035792
"3849",0.035817
"3850",0.035821
"3851",0.035846
"3852",0.035853
"3853",0.03588
"3854",0.0359
"3855",0.035921
"3856",0.03593
"3857",0.035952
"3858",0.035963
"3859",0.03598
"3860",0.036007
"3861",0.03605
"3862",0.036057
"3863",0.03606
"3864",0.036065
"3865",0.036068
"3866",0.03615
"3867",0.036165
"3868",0.036375
"3869",0.03639
"3870",0.036456
"3871",0.036529
"3872",0.036533
"3873",0.036557
"3874",0.036574
"3875",0.036621
"3876",0.036644
"3877",0.036672
"3878",0.036685
"3879",0.0367
"3880",0.036744
"3881",0.036811
"3882",0.036814
"3883",0.03683
"3884",0.036901
"3885",0.036912
"3886",0.036915
"3887",0.036935
"3888",0.037057
"3889",0.037075
"3890",0.037107
"3891",0.03712
"3892",0.037169
"3893",0.037196
"3894",0.037321
"3895",0.037335
"3896",0.037372
"3897",0.037436
"3898",0.037473
"3899",0.037479
"3900",0.037491
"3901",0.037494
"3902",0.037526
"3903",0.037605
"3904",0.037609
"3905",0.037643
"3906",0.037643
"3907",0.037778
"3908",0.037799
"3909",0.037826
"3910",0.037864
"3911",0.03791
"3912",0.03791
"3913",0.037918
"3914",0.03795
"3915",0.037983
"3916",0.038008
"3917",0.038009
"3918",0.038034
"3919",0.038039
"3920",0.038128
"3921",0.038157
"3922",0.038216
"3923",0.038345
"3924",0.038412
"3925",0.038432
"3926",0.03844
"3927",0.038443
"3928",0.038456
"3929",0.038492
"3930",0.038495
"3931",0.038799
"3932",0.038828
"3933",0.03889
"3934",0.038901
"3935",0.038904
"3936",0.039041
"3937",0.039049
"3938",0.039186
"3939",0.039225
"3940",0.039241
"3941",0.039303
"3942",0.039369
"3943",0.039445
"3944",0.039448
"3945",0.0395
"3946",0.039514
"3947",0.039607
"3948",0.039675
"3949",0.03971
"3950",0.039712
"3951",0.039745
"3952",0.039836
"3953",0.039859
"3954",0.039863
"3955",0.039871
"3956",0.039899
"3957",0.039941
"3958",0.039942
"3959",0.040085
"3960",0.040088
"3961",0.040149
"3962",0.040154
"3963",0.040443
"3964",0.040445
"3965",0.040467
"3966",0.040469
"3967",0.040491
"3968",0.040534
"3969",0.040534
"3970",0.040558
"3971",0.040618
"3972",0.040626
"3973",0.040705
"3974",0.040748
"3975",0.040763
"3976",0.040765
"3977",0.040808
"3978",0.040814
"3979",0.040819
"3980",0.04082
"3981",0.040911
"3982",0.040921
"3983",0.040929
"3984",0.04093
"3985",0.040972
"3986",0.041038
"3987",0.041252
"3988",0.041303
"3989",0.041392
"3990",0.041505
"3991",0.041556
"3992",0.041564
"3993",0.04158
"3994",0.04164
"3995",0.041797
"3996",0.041935
"3997",0.042056
"3998",0.042089
"3999",0.042159
"4000",0.042181
"4001",0.0422
"4002",0.042205
"4003",0.042292
"4004",0.0423
"4005",0.042312
"4006",0.042354
"4007",0.042396
"4008",0.042404
"4009",0.042535
"4010",0.042594
"4011",0.04269
"4012",0.042786
"4013",0.042848
"4014",0.042875
"4015",0.042886
"4016",0.042933
"4017",0.042936
"4018",0.042993
"4019",0.043048
"4020",0.043079
"4021",0.043101
"4022",0.04315
"4023",0.043191
"4024",0.043229
"4025",0.04327
"4026",0.043306
"4027",0.043439
"4028",0.043444
"4029",0.043508
"4030",0.04354
"4031",0.043576
"4032",0.043673
"4033",0.043686
"4034",0.043693
"4035",0.043872
"4036",0.043947
"4037",0.043959
"4038",0.044022
"4039",0.04411
"4040",0.044116
"4041",0.044131
"4042",0.044183
"4043",0.044314
"4044",0.044379
"4045",0.044425
"4046",0.044472
"4047",0.044475
"4048",0.044477
"4049",0.044521
"4050",0.04456
"4051",0.044578
"4052",0.044695
"4053",0.044743
"4054",0.044791
"4055",0.044902
"4056",0.044904
"4057",0.044906
"4058",0.044992
"4059",0.045042
"4060",0.045122
"4061",0.045135
"4062",0.045153
"4063",0.045243
"4064",0.045259
"4065",0.04545
"4066",0.045455
"4067",0.045983
"4068",0.046006
"4069",0.046026
"4070",0.046085
"4071",0.046119
"4072",0.046152
"4073",0.04617
"4074",0.046172
"4075",0.046285
"4076",0.046291
"4077",0.046385
"4078",0.046393
"4079",0.046493
"4080",0.046493
"4081",0.046538
"4082",0.046596
"4083",0.046598
"4084",0.046626
"4085",0.046692
"4086",0.046744
"4087",0.046982
"4088",0.047012
"4089",0.047082
"4090",0.047261
"4091",0.047384
"4092",0.047512
"4093",0.047609
"4094",0.047645
"4095",0.047713
"4096",0.047735
"4097",0.047906
"4098",0.048097
"4099",0.048385
"4100",0.048436
"4101",0.04869
"4102",0.048762
"4103",0.048849
"4104",0.049011
"4105",0.049085
"4106",0.049137
"4107",0.049249
"4108",0.049261
"4109",0.049289
"4110",0.049296
"4111",0.049416
"4112",0.049471
"4113",0.049513
"4114",0.049549
"4115",0.049707
"4116",0.04973
"4117",0.049887
"4118",0.049945
"4119",0.050078
"4120",0.050102
"4121",0.050112
"4122",0.050156
"4123",0.050167
"4124",0.050313
"4125",0.050376
"4126",0.050679
"4127",0.050701
"4128",0.050731
"4129",0.05087
"4130",0.050914
"4131",0.050942
"4132",0.051021
"4133",0.051097
"4134",0.051128
"4135",0.051162
"4136",0.051185
"4137",0.051205
"4138",0.051404
"4139",0.051458
"4140",0.051495
"4141",0.05151
"4142",0.051602
"4143",0.051675
"4144",0.051699
"4145",0.051799
"4146",0.051954
"4147",0.051956
"4148",0.052022
"4149",0.052148
"4150",0.052269
"4151",0.052333
"4152",0.052377
"4153",0.052461
"4154",0.052528
"4155",0.052553
"4156",0.052576
"4157",0.052614
"4158",0.052688
"4159",0.052732
"4160",0.052755
"4161",0.052926
"4162",0.053104
"4163",0.053226
"4164",0.0534
"4165",0.053522
"4166",0.053768
"4167",0.053797
"4168",0.053819
"4169",0.053894
"4170",0.054029
"4171",0.054058
"4172",0.054065
"4173",0.054115
"4174",0.054188
"4175",0.054226
"4176",0.054431
"4177",0.054528
"4178",0.05453
"4179",0.0546
"4180",0.054641
"4181",0.054682
"4182",0.05489
"4183",0.054901
"4184",0.054933
"4185",0.054959
"4186",0.055089
"4187",0.055103
"4188",0.055385
"4189",0.055434
"4190",0.055725
"4191",0.056078
"4192",0.056925
"4193",0.056963
"4194",0.057192
"4195",0.057433
"4196",0.057433
"4197",0.057628
"4198",0.057809
"4199",0.057863
"4200",0.05787
"4201",0.057883
"4202",0.057961
"4203",0.057986
"4204",0.058144
"4205",0.058172
"4206",0.058192
"4207",0.058226
"4208",0.058414
"4209",0.058436
"4210",0.058448
"4211",0.058623
"4212",0.058692
"4213",0.058823
"4214",0.058985
"4215",0.059016
"4216",0.059077
"4217",0.059148
"4218",0.059363
"4219",0.05937
"4220",0.059546
"4221",0.059561
"4222",0.059603
"4223",0.059612
"4224",0.059641
"4225",0.059737
"4226",0.060172
"4227",0.060393
"4228",0.060465
"4229",0.060995
"4230",0.061084
"4231",0.061135
"4232",0.061155
"4233",0.061167
"4234",0.061324
"4235",0.061505
"4236",0.061699
"4237",0.061724
"4238",0.061765
"4239",0.061839
"4240",0.061895
"4241",0.061911
"4242",0.061969
"4243",0.062004
"4244",0.062096
"4245",0.062437
"4246",0.062474
"4247",0.062579
"4248",0.062601
"4249",0.062684
"4250",0.062694
"4251",0.062712
"4252",0.062745
"4253",0.062768
"4254",0.062925
"4255",0.063264
"4256",0.06328
"4257",0.063291
"4258",0.063645
"4259",0.063743
"4260",0.063852
"4261",0.063921
"4262",0.064409
"4263",0.06458
"4264",0.064735
"4265",0.064916
"4266",0.065084
"4267",0.065157
"4268",0.065488
"4269",0.065576
"4270",0.065611
"4271",0.065734
"4272",0.065852
"4273",0.065883
"4274",0.06624
"4275",0.066303
"4276",0.066655
"4277",0.067066
"4278",0.06709
"4279",0.067218
"4280",0.067225
"4281",0.067314
"4282",0.0678
"4283",0.0679
"4284",0.068233
"4285",0.068307
"4286",0.068348
"4287",0.068396
"4288",0.068627
"4289",0.069303
"4290",0.069592
"4291",0.069655
"4292",0.069794
"4293",0.069952
"4294",0.069997
"4295",0.070435
"4296",0.07057
"4297",0.070578
"4298",0.070587
"4299",0.071037
"4300",0.071106
"4301",0.071129
"4302",0.071264
"4303",0.071409
"4304",0.071428
"4305",0.071716
"4306",0.071926
"4307",0.071967
"4308",0.072232
"4309",0.072431
"4310",0.072513
"4311",0.072544
"4312",0.072661
"4313",0.072862
"4314",0.072953
"4315",0.072988
"4316",0.073055
"4317",0.073084
"4318",0.073459
"4319",0.074484
"4320",0.074629
"4321",0.074817
"4322",0.075277
"4323",0.075324
"4324",0.075571
"4325",0.075578
"4326",0.075583
"4327",0.075682
"4328",0.076543
"4329",0.076558
"4330",0.076665
"4331",0.076915
"4332",0.077171
"4333",0.077812
"4334",0.077967
"4335",0.07801
"4336",0.078639
"4337",0.078855
"4338",0.079263
"4339",0.079265
"4340",0.07956
"4341",0.079669
"4342",0.079745
"4343",0.079808
"4344",0.07998
"4345",0.080608
"4346",0.080806
"4347",0.080811
"4348",0.081003
"4349",0.081562
"4350",0.081701
"4351",0.081995
"4352",0.08212
"4353",0.082546
"4354",0.082596
"4355",0.082693
"4356",0.082698
"4357",0.083551
"4358",0.083806
"4359",0.083876
"4360",0.084166
"4361",0.084794
"4362",0.08526
"4363",0.085663
"4364",0.087611
"4365",0.087952
"4366",0.088582
"4367",0.088726
"4368",0.088744
"4369",0.089375
"4370",0.090163
"4371",0.090391
"4372",0.090971
"4373",0.091123
"4374",0.091161
"4375",0.092177
"4376",0.092366
"4377",0.09262
"4378",0.093085
"4379",0.094186
"4380",0.09421
"4381",0.094706
"4382",0.095095
"4383",0.098308
"4384",0.102904
"4385",0.103364
"4386",0.104074
"4387",0.10423
"4388",0.104773
"4389",0.105336
"4390",0.105841
"4391",0.106421
"4392",0.10844
"4393",0.111417
"4394",0.112496
"4395",0.114261
"4396",0.115804
"4397",0.11631
"4398",0.117191
"4399",0.117544
"4400",0.117914
"4401",0.11955
"4402",0.12155
"4403",0.12351
"4404",0.133531
"4405",0.136078
"4406",0.154479
